{
    "title": "Syntax",
    "sections": [
        {
            "type": "heading-2",
            "text": "🧭 Welcome to the Syntax Safari!"
        },
        {
            "type": "text",
            "content": "Hello intrepid code explorer! In this adventure, we'll journey through the wild and wonderful landscape of JavaScript syntax. Pack your coding compass as we navigate through the syntax jungle, discovering the rules that make JavaScript tick!"
        },
        {
            "type": "heading-2",
            "text": "🏕️ Base Camp: Syntax Fundamentals"
        },
        {
            "type": "heading-3",
            "text": "🔤 Case Sensitivity"
        },
        {
            "type": "text",
            "content": "JavaScript is case-sensitive, which means variable, Variable, and VARIABLE are three completely different things!"
        },
        {
            "type": "code-block",
            "code": "let animal = \"tiger\";  // This is a tiger\n\nlet Animal = \"Lion\";   // This is a completely different Lion\nlet ANIMAL = \"BEAR\";   // And this is yet another BEAR\n\nconsole.log(animal);   // tiger\nconsole.log(Animal);   // Lion\nconsole.log(ANIMAL);   // BEAR",
            "language": "js"
        },
        {
            "type": "blockquote",
            "text": "🎪 Fun Fact: ",
            "content": "JavaScript's case sensitivity has caused countless hours of debugging! The most common case-related bug? Typing addeventlistener() instead of addEventListener()."
        },
        {
            "type": "heading-3",
            "text": "📝 Statements and Semicolons"
        },
        {
            "type": "text",
            "content": "JavaScript statements are like sentences in your code story:"
        },
        {
            "type": "code-block",
            "code": "let age = 25;                  // Statement 1: Variable declaration\nconsole.log(\"Hello, world!\");  // Statement 2: Function call\nif (age > 18) {                // Statement 3: Start of conditional block\n    console.log(\"Adult\");      // Statement 4: Function call inside block\n}                              // Statement 5: End of conditional block",
            "language": "js"
        },
        {
            "type": "text",
            "content": "Semicolons (;) typically mark the end of a statement, but JavaScript has \"Automatic Semicolon Insertion\" (ASI) which often adds them for you!"
        },
        {
            "type": "code-block",
            "code": "// These are equivalent in JavaScript!\nlet name = \"JavaScript\"\nlet age = 28\n\n// The same as:\nlet name = \"JavaScript\";\nlet age = 28;",
            "language": "js"
        },
        {
            "type": "blockquote",
            "text": "🎭 Semicolon Drama: ",
            "content": "The JavaScript community had a famous \"semicolon war\" where developers heatedly debated whether to use them! Some style guides mandate them, while others forbid unnecessary ones. Choose your side wisely!"
        },
        {
            "type": "heading-3",
            "text": "💬 Comments: Code's Conversation"
        },
        {
            "type": "text",
            "content": "Comments let you add notes that JavaScript ignores:"
        },
        {
            "type": "code-block",
            "code": "// This is a single-line comment\n\n/* This is a multi-line comment\n   It can span several lines\n   Very useful for longer explanations */\n\n// Comments can explain WHY, not just WHAT\nlet magicNumber = 42;  // The answer to life, the universe, and everything\n\n/**\n * This is a JSDoc comment\n * @param {string} name - The person's name\n * @returns {string} A personalized greeting\n */\nfunction greet(name) {\n    return `Hello, ${name}!`;\n}",
            "language": "js"
        },
        {
            "type": "blockquote",
            "text": "🎪 Comment Comedy: ",
            "content": "Developers sometimes leave funny comments in code. One famous one: // Dear future me, please forgive me for the code below."
        },
        {
            "type": "heading-2",
            "text": "🌋 The Building Blocks: Identifiers and Keywords"
        },
        {
            "type": "heading-3",
            "text": "🏷️ Identifiers: Naming Things"
        },
        {
            "type": "text",
            "content": "Rules for naming variables, functions, etc.:"
        },
        {
            "type": "code-block",
            "code": "// Valid identifiers\nlet userName;\nlet user_name;\nlet $specialVar;\nlet _privateVar;\nlet camelCaseIsCommon;\nlet π = 3.14159;  // Yes, you can use Unicode!\n\n// Invalid identifiers\n// let 123abc;      // Can't start with a number\n// let my-variable; // Can't contain hyphens\n// let for;         // Can't use reserved keywords",
            "language": "js"
        },
        {
            "type": "blockquote",
            "text": "🎮 Fun Challenge: ",
            "content": "JavaScript lets you use emoji as variable names! Try: let 🐱 = \"cat\";"
        },
        {
            "type": "heading-3",
            "text": "🔐 Reserved Keywords"
        },
        {
            "type": "text",
            "content": "JavaScript has special words that have predefined meanings:"
        },
        {
            "type": "code-block",
            "code": "// These words have special meaning and can't be used as identifiers\nbreak     case      catch     class     const   \ncontinue  debugger  default   delete    do\nelse      export    extends   finally   for\nfunction  if        import    in        instanceof\nnew       return    super     switch    this\nthrow     try       typeof    var       void\nwhile     with      yield",
            "language": "js"
        },
        {
            "type": "blockquote",
            "text": "🎭 Keyword Trivia: ",
            "content": "The keyword class wasn't actually reserved in early JavaScript despite being in the specification! This was fixed in ES2015/ES6."
        },
        {
            "type": "heading-2",
            "text": "🏞️ Valley of Variables"
        },
        {
            "type": "heading-3",
            "text": "📦 Variable Declarations"
        },
        {
            "type": "text",
            "content": "Three ways to create variables:"
        },
        {
            "type": "code-block",
            "code": "var oldSchool = \"I've been around since the beginning\";\nlet flexible = \"I was introduced in ES6/2015\";\nconst rockSolid = \"My value cannot be reassigned\";\n\n// var is function-scoped\nfunction varDemo() {\n    if (true) {\n        var x = 10;\n    }\n    console.log(x);  // 10 - x is visible here!\n}\n\n// let and const are block-scoped\nfunction letDemo() {\n    if (true) {\n        let y = 20;\n    }\n    // console.log(y);  // Error! y is not defined outside the block\n}\n\n// Constants must be initialized and can't be reassigned\nconst PI = 3.14159;\n// PI = 3;  // This would cause an error!\n\n// But objects assigned to constants can be modified\nconst person = { name: \"Alice\" };\nperson.name = \"Bob\";  // This works!\n// person = { name: \"Charlie\" };  // This would cause an error!",
            "language": "js"
        },
        {
            "type": "text",
            "content": "Use var for function-scoped variables, let for block-scoped variables, and const for constants that won't change."
        },
        {
            "type": "text",
            "content": "Note: var is considered outdated and should be avoided in modern JavaScript."
        },
        {
            "type": "blockquote",
            "text": "🎡 Variable Fun: ",
            "content": "JavaScript developers once used a technique called \"IIFE\" (Immediately Invoked Function Expression) before let and const existed to create block-scoped variables. It looked like this: (function() { var privateVar = \"Can't touch this!\"; })();"
        },
        {
            "type": "heading-2",
            "text": "🌈 Data Types Wonderland"
        },
        {
            "type": "heading-3",
            "text": "🔢 Primitive Types"
        },
        {
            "type": "text",
            "content": "JavaScript has seven primitive data types:"
        },
        {
            "type": "code-block",
            "code": "// Number - includes integers and floating point\nlet age = 25;\nlet price = 9.99;\nlet infinity = Infinity;\nlet notANumber = NaN;  // Still a Number type!\n\n// String - text enclosed in quotes\nlet single = 'Single quotes work'\nlet double = \"Double quotes work too\";\nlet backtick = `Template literals allow ${age} to be embedded`;\n\n// Boolean - true or false\nlet isAwesome = true;\nlet isBoring = false;\n\n// Undefined - value not assigned\nlet notDefined;\nconsole.log(notDefined);  // undefined\n\n// Null - explicitly assigned \"no value\"\nlet empty = null;\n\n// Symbol - unique identifiers (ES6)\nlet uniqueKey = Symbol(\"description\");\nlet anotherKey = Symbol(\"description\");  // Different from uniqueKey!\n\n// BigInt - for very large integers (ES2020)\nlet hugeNumber = 9007199254740991n;  // Note the 'n' suffix",
            "language": "js"
        },
        {
            "type": "blockquote",
            "text": "🎪 Type Oddity: ",
            "content": "In JavaScript, typeof null returns \"object\" instead of \"null\". This is a famous bug that can never be fixed because it would break too much existing code!"
        },
        {
            "type": "heading-3",
            "text": "🧩 Object Type"
        },
        {
            "type": "text",
            "content": "The object is the most versatile type:"
        },
        {
            "type": "code-block",
            "code": "// Object literals - collection of key/value pairs\nlet person = {\n    name: \"JavaScript Enthusiast\",\n    age: 5,\n    skills: [\"Problem Solving\", \"Creating Interactivity\"],\n    greet: function() {\n        return `Hi, I'm ${this.name}!`;\n    }\n};\n\n// Accessing object properties\nconsole.log(person.name);          // Dot notation\nconsole.log(person[\"age\"]);        // Bracket notation\nconsole.log(person.greet());       // Method call\n\n// Arrays - special kind of object\nlet colors = [\"red\", \"green\", \"blue\"];\nconsole.log(colors[0]);            // \"red\"\nconsole.log(colors.length);        // 3\n\n// Functions - also objects in JavaScript!\nfunction multiply(a, b) {\n    return a * b;\n}\nconsole.log(multiply(5, 6));       // 30",
            "language": "js"
        },
        {
            "type": "blockquote",
            "text": "🎡 Object Trivia: ",
            "content": "JavaScript arrays are just objects with numeric property names and a special length property. You can add non-numeric properties to arrays: colors.favoriteColor = \"purple\"!"
        },
        {
            "type": "heading-2",
            "text": "🌋 Expression Volcano"
        },
        {
            "type": "heading-3",
            "text": "🧮 Arithmetic Expressions"
        },
        {
            "type": "code-block",
            "code": "let sum = 5 + 10;             // Addition: 15\nlet difference = 20 - 5;      // Subtraction: 15\nlet product = 4 * 3;          // Multiplication: 12\nlet quotient = 20 / 5;        // Division: 4\nlet remainder = 10 % 3;       // Modulus (remainder): 1\nlet power = 2 ** 3;           // Exponentiation (ES2016): 8\n\n// Increment and decrement\nlet counter = 0;\ncounter++;                    // Post-increment: counter = 1\n++counter;                    // Pre-increment: counter = 2\ncounter--;                    // Post-decrement: counter = 1\n--counter;                    // Pre-decrement: counter = 0\n\n// Assignment operators\nlet x = 10;\nx += 5;                       // x = x + 5: 15\nx -= 3;                       // x = x - 3: 12\nx *= 2;                       // x = x * 2: 24\nx /= 6;                       // x = x / 6: 4\nx %= 3;                       // x = x % 3: 1\nx **= 3;                      // x = x ** 3: 1",
            "language": "js"
        },
        {
            "type": "blockquote",
            "text": "🎢 Math Magic: ",
            "content": "JavaScript has a native Math object with fun methods like Math.random() (gives a random number between 0 and 1) and constants like Math.PI!"
        },
        {
            "type": "heading-3",
            "text": "🧐 Comparison Expressions"
        },
        {
            "type": "code-block",
            "code": "// Equality\nconsole.log(5 == 5);         // true\nconsole.log(5 == \"5\");       // true (type coercion)\nconsole.log(5 === \"5\");      // false (strict equality, no type coercion)\nconsole.log(5 != 10);        // true\nconsole.log(5 !== \"5\");      // true (strict inequality)\n\n// Relational\nconsole.log(10 > 5);         // true (greater than)\nconsole.log(5 < 10);         // true (less than)\nconsole.log(5 >= 5);         // true (greater than or equal)\nconsole.log(5 <= 10);        // true (less than or equal)\n\n// The weird parts\nconsole.log(null == undefined);  // true\nconsole.log(null === undefined); // false\nconsole.log(NaN == NaN);         // false (NaN is never equal to anything, even itself!)",
            "language": "js"
        },
        {
            "type": "blockquote",
            "text": "🎭 Equality Drama: ",
            "content": "JavaScript's loose equality (==) has many quirky rules, which led to the creation of websites like \"JavaScript Equality Table\" that display huge matrices of what equals what!"
        },
        {
            "type": "heading-3",
            "text": "🧠 Logical Expressions"
        },
        {
            "type": "code-block",
            "code": "// Logical operators\nconsole.log(true && true);   // AND: true\nconsole.log(true && false);  // AND: false\nconsole.log(true || false);  // OR: true\nconsole.log(!true);          // NOT: false\n\n// Short-circuit evaluation\nconsole.log(false && expensiveOperation());  // false, expensiveOperation never runs!\nconsole.log(true || expensiveOperation());   // true, expensiveOperation never runs!\n\n// Logical operators with non-boolean values\nconsole.log(\"hello\" && \"world\");  // \"world\" (last truthy value)\nconsole.log(\"\" && \"world\");       // \"\" (first falsy value)\nconsole.log(\"hello\" || \"world\");  // \"hello\" (first truthy value)\nconsole.log(\"\" || \"world\");       // \"world\" (first truthy value or last value)\n\n// Nullish coalescing operator (ES2020)\nlet username = null;\nconsole.log(username ?? \"Guest\");  // \"Guest\" (if left side is null/undefined)",
            "language": "js"
        },
        {
            "type": "blockquote",
            "text": "🎡 Logical Fun: ",
            "content": "The && and || operators are often used for clever shortcuts. isAdmin && showSecretPanel() runs showSecretPanel() only if isAdmin is true!"
        },
        {
            "type": "heading-2",
            "text": "🏰 Control Flow Castle"
        },
        {
            "type": "heading-3",
            "text": "🔀 If/Else Statements"
        },
        {
            "type": "code-block",
            "code": "// Basic if\nif (age >= 18) {\n    console.log(\"Adult\");\n}\n\n// If/else\nif (temperature > 30) {\n    console.log(\"It's hot!\");\n} else {\n    console.log(\"It's not too hot.\");\n}\n\n// If/else if/else\nif (score >= 90) {\n    console.log(\"A grade\");\n} else if (score >= 80) {\n    console.log(\"B grade\");\n} else if (score >= 70) {\n    console.log(\"C grade\");\n} else {\n    console.log(\"Needs improvement\");\n}\n\n// Conditional (ternary) operator\nlet status = age >= 18 ? \"Adult\" : \"Minor\";",
            "language": "js"
        },
        {
            "type": "heading-3",
            "text": "🔄 Switch Statements"
        },
        {
            "type": "code-block",
            "code": "let day = \"Monday\";\n\nswitch (day) {\n    case \"Monday\":\n        console.log(\"Start of work week\");\n        break;\n    case \"Tuesday\":\n    case \"Wednesday\":\n    case \"Thursday\":\n        console.log(\"Mid week\");\n        break;\n    case \"Friday\":\n        console.log(\"End of work week\");\n        break;\n    case \"Saturday\":\n    case \"Sunday\":\n        console.log(\"Weekend!\");\n        break;\n    default:\n        console.log(\"Not a valid day\");\n}",
            "language": "js"
        },
        {
            "type": "blockquote",
            "text": "🎪 Switch Surprise: ",
            "content": "Forgetting a break statement causes \"fall-through\" behavior where execution continues to the next case! Sometimes this is a bug, but sometimes it's used intentionally, as in the example above for grouping days."
        },
        {
            "type": "heading-3",
            "text": "🔁 Loops"
        },
        {
            "type": "code-block",
            "code": "// For loop\nfor (let i = 0; i < 5; i++) {\n    console.log(`Loop iteration: ${i}`);\n}\n\n// For...of loop (ES6) for iterables\nconst animals = [\"lion\", \"tiger\", \"bear\"];\nfor (const animal of animals) {\n    console.log(`Oh my, it's a ${animal}!`);\n}\n\n// For...in loop for object properties\nconst person = { name: \"Alice\", age: 30, job: \"Developer\" };\nfor (const key in person) {\n    console.log(`${key}: ${person[key]}`);\n}\n\n// While loop\nlet count = 0;\nwhile (count < 5) {\n    console.log(`Count: ${count}`);\n    count++;\n}\n\n// Do-while loop (always executes at least once)\nlet confirmation;\ndo {\n    confirmation = confirm(\"Continue?\");\n} while (confirmation);\n\n// Break and continue\nfor (let i = 0; i < 10; i++) {\n    if (i === 3) continue;  // Skip this iteration\n    if (i === 7) break;     // Exit the loop\n    console.log(i);\n}\n",
            "language": "js"
        },
        {
            "type": "blockquote",
            "text": "🎡 Loop Jokes: ",
            "content": "Why did the JavaScript developer go broke? Because he lost his for (let i = 0; i < Infinity; i++) loop!"
        },
        {
            "type": "heading-2",
            "text": "🚀 Function Frontier"
        },
        {
            "type": "heading-3",
            "text": "📋 Function Declarations"
        },
        {
            "type": "code-block",
            "code": "// Basic function declaration\nfunction greet(name) {\n    return `Hello, ${name}!`;\n}\n\n// Function with default parameters (ES6)\nfunction greetWithDefault(name = \"Guest\") {\n    return `Hello, ${name}!`;\n}\n\n// Rest parameters (ES6)\nfunction sum(...numbers) {\n    return numbers.reduce((total, num) => total + num, 0);\n}\nconsole.log(sum(1, 2, 3, 4));  // 10\n\n// Function that returns a function (closure)\nfunction createMultiplier(factor) {\n    return function(number) {\n        return number * factor;\n    };\n}\nconst double = createMultiplier(2);\nconsole.log(double(5));  // 10",
            "language": "js"
        },
        {
            "type": "heading-3",
            "text": "🏹 Arrow Functions (ES6)"
        },
        {
            "type": "code-block",
            "code": "const add = (a, b) => a + b;\nconst calculateArea = (radius) => {\n    const pi = Math.PI;\n    return pi * radius * radius;\n};\nconst sayHello = () => \"Hello!\";\nconst square = x => x * x;",
            "language": "js"
        },
        {
            "type": "blockquote",
            "text": "🎯 Arrow Function Quirk: ",
            "content": "Unlike regular functions, arrow functions don't have their own this context. They inherit this from their surrounding scope, which is really handy for callback functions!"
        },
        {
            "type": "heading-2",
            "text": "🎁 Object and Array Syntax Unwrapped"
        },
        {
            "type": "heading-3",
            "text": "📦 Object Literal Enhancements (ES6)"
        },
        {
            "type": "code-block",
            "code": "// Property shorthand\nconst name = \"Alice\";\nconst age = 28;\nconst user = { name, age };  // { name: \"Alice\", age: 28 }\n\n// Computed property names\nconst key = \"favorite\";\nconst preferences = {\n    [key + \"Color\"]: \"blue\",\n    [key + \"Food\"]: \"pizza\"\n};  // { favoriteColor: \"blue\", favoriteFood: \"pizza\" }\n\n// Method shorthand\nconst calculator = {\n    add(a, b) {\n        return a + b;\n    },\n    subtract(a, b) {\n        return a - b;\n    }\n};",
            "language": "js"
        },
        {
            "type": "heading-3",
            "text": "🧩 Destructuring (ES6)"
        },
        {
            "type": "code-block",
            "code": "// Object destructuring\nconst person = { firstName: \"John\", lastName: \"Doe\", age: 30 };\nconst { firstName, lastName } = person;\nconsole.log(firstName);  // \"John\"\n\n// With different variable names\nconst { firstName: fname, lastName: lname } = person;\nconsole.log(fname);  // \"John\"\n\n// Array destructuring\nconst colors = [\"red\", \"green\", \"blue\"];\nconst [primary, secondary] = colors;\nconsole.log(primary);  // \"red\"\n\n// Skipping elements\nconst [first, , third] = colors;\nconsole.log(third);  // \"blue\"\n\n// Swapping variables\nlet a = 5, b = 10;\n[a, b] = [b, a];\nconsole.log(a, b);  // 10 5",
            "language": "js"
        },
        {
            "type": "blockquote",
            "text": "🎪 Destructuring Drama: ",
            "content": "When destructuring objects, you can go as deep as you want! const { user: { address: { city } } } = data; pulls out the city from a nested object structure."
        },
        {
            "type": "heading-3",
            "text": "🔄 Spread and Rest Operators (ES6)"
        },
        {
            "type": "code-block",
            "code": "// Spread operator (...)\nconst arr1 = [1, 2, 3];\nconst arr2 = [...arr1, 4, 5];\n\nconst obj1 = { \"x\": 1, \"y\": 2 };\nconst obj2 = { ...obj1, \"z\": 3 };\n\nconst originalArray = [1, 2, 3];\nconst newArray = [...originalArray];\nnewArray.push(4);\n\nconst [first, ...rest] = [1, 2, 3, 4, 5];\nconsole.log(first);\nconsole.log(rest);\n\nconst { name, ...otherProps } = { \"name\": \"Widget\", \"price\": 9.99, \"inStock\": true };\nconsole.log(otherProps);\n",
            "language": "js"
        },
        {
            "type": "blockquote",
            "text": "🎪 Destructuring Drama: ",
            "content": "The spread operator is so versatile! You can use it to convert a string to an array of characters: [...\"hello\"] gives [\"h\", \"e\", \"l\", \"l\", \"o\"]."
        },
        {
            "type": "heading-3",
            "text": "🎭 Template Literals (ES6)"
        },
        {
            "type": "code-block",
            "code": "// Basic template literal\nconst name = \"JavaScript\";\nconst greeting = `Hello, ${name}!`;\n\n// Multi-line strings\nconst poem = `Roses are red,\nViolets are blue,\nJavaScript syntax\nIs fun to review.`;\n\n// Expression interpolation\nconst a = 10;\nconst b = 5;\nconsole.log(`${a} + ${b} = ${a + b}`);  // \"10 + 5 = 15\"\n\n// Tagged templates\nfunction highlight(strings, ...values) {\n    return strings.reduce((result, str, i) => {\n        const value = values[i] || '';\n        return `${result}${str}<span class=\\\"highlight\\\">${value}</span>`;\n    }, '');\n}\n\nconst language = \"JavaScript\";\nconst experience = \"5 years\";\nconst message = highlight`I have been coding with ${language} for ${experience}.`;",
            "language": "js"
        },
        {
            "type": "blockquote",
            "text": "🎪 Template Magic: ",
            "content": "Tagged templates are one of JavaScript's most powerful but underused features. They can be used to create DSLs (Domain Specific Languages), localization systems, and even SQL query builders!"
        },
        {
            "type": "heading-2",
            "text": "🎮 ES Modules Syntax (ES6)"
        },
        {
            "type": "code-block",
            "code": "export const PI = 3.14159;\nexport function square(x) {\n    return x * x;\n}\nexport default function add(a, b) {\n    return a + b;\n}\n\nimport add, { PI, square } from './mathUtils.js';\nimport * as math from './mathUtils.js';\n\nconsole.log(add(5, 3));\nconsole.log(PI);\nconsole.log(square(4));\nconsole.log(math.square(5));",
            "language": "js"
        },
        {
            "type": "blockquote",
            "text": "🎭 Module History: ",
            "content": "Before ES modules, JavaScript used several competing module systems like CommonJS (require()) and AMD. The transition has been bumpy but ES modules are now well-supported everywhere!"
        },
        {
            "type": "heading-2",
            "text": "🏆 Async Syntax (ES2017+)"
        },
        {
            "type": "heading-3",
            "text": "🤝 Promises"
        },
        {
            "type": "code-block",
            "code": "const fetchData = new Promise((resolve, reject) => {\n    setTimeout(() => {\n        const success = Math.random() > 0.3;\n        if (success) {\n            resolve(\"Data successfully fetched!\");\n        } else {\n            reject(\"Error: Failed to fetch data\");\n        }\n    }, 1000);\n});\n\nfetchData\n    .then(data => console.log(data))\n    .catch(error => console.error(error))\n    .finally(() => console.log(\"Operation completed\"));\n\nfetchUserData(userId)\n    .then(user => fetchUserPosts(user.id))\n    .then(posts => console.log(posts))\n    .catch(error => console.error(error));",
            "language": "js"
        },
        {
            "type": "heading-3",
            "text": "⏳ Async/Await"
        },
        {
            "type": "code-block",
            "code": "async function fetchUserData() {\n    try {\n        const response = await fetch('https://api.example.com/users');\n        const data = await response.json();\n        return data;\n    } catch (error) {\n        console.error(\"Failed to fetch user data:\", error);\n        throw error;\n    }\n}\n\nconst fetchPosts = async () => {\n    const response = await fetch('https://api.example.com/posts');\n    return await response.json();\n};\n\n(async () => {\n    try {\n        const userData = await fetchUserData();\n        const posts = await fetchPosts();\n        console.log({ userData, posts });\n    } catch (error) {\n        console.error(\"Error:\", error);\n    }\n})();",
            "language": "js"
        },
        {
            "type": "blockquote",
            "text": "🎡 Async Fun: ",
            "content": "Before async/await, developers had to use \"promise chaining\" which could lead to \"callback hell\" or \"pyramid of doom\" - deeply nested code that was hard to read. async/await makes asynchronous code look almost like synchronous code!"
        },
        {
            "type": "heading-2",
            "text": "🎉 Syntax Safari Complete!"
        },
        {
            "type": "text",
            "content": "Congratulations, intrepid explorer! You've completed the JavaScript Syntax Safari. You now have a map of the key syntax elements that make JavaScript such a powerful and versatile language.\nRemember, learning syntax is like learning the alphabet - it's just the beginning of your coding journey. The real adventure starts when you begin combining these elements to create amazing applications!"
        },
        {
            "type": "heading-3",
            "text": "🧩 Fun Challenge: Syntax Mashup"
        },
        {
            "type": "text",
            "content": "Try writing a small program that combines at least 5 different syntax features you've learned in this module. For example, combine template literals, arrow functions, destructuring, async/await, and object shorthand notation in a single function!"
        },
        {
            "type": "code-block",
            "code": "const mashupChallenge = async ({ name, id }) => {\n    const wait = ms => new Promise(resolve => setTimeout(resolve, ms));\n    console.log(`Starting task for ${name}...`);\n    await wait(1000);\n    const data = a{ \n        name, \n        id, \n        timestamp: Date.now() \n    };\n    const { timestamp, ...userInfo } = data;\n    return `Task for ${userInfo.name} completed at ${new Date(timestamp).toLocaleTimeString()}!`;\n};\n(async () => {\n    const result = await mashupChallenge({ name: \"JavaScript Ninja\", id: 42 });\n    console.log(result);\n})();",
            "language": "js"
        },
        {
            "type": "heading-2",
            "text": "🌟 JavaScript Syntax Hall of Fame"
        },
        {
            "type": "unordered-list",
            "items": [
                " Most Beloved: Template literals - finally, sensible string interpolation!",
                " Most Misunderstood: this keyword - changes meaning based on context",
                " Most Improved: Modules - from chaos to standardized imports/exports",
                " Fan Favorite: Destructuring - elegant extraction of values",
                " Most Surprising: Optional chaining (?.) and nullish coalescing (??) - late additions that make code much cleaner"
            ]
        },
        {
            "type": "text",
            "content": "Happy JavaScript coding! 🚀"
        }
    ]
}